event_id,ticker,event_date,reported_drop_pct,source,firm_evidence_status,matched_underwriters,matched_issuer_counsel,firm_source_date,firm_source_url,strict_ipo_structural_issue,market_sample_status,wider_interval_status,sampled_bar_count,wider_minute_bar_count,older_daily_bar_count,detection_status,reference_gap_diagnosis,historical_symbol_for_review,gap_review_source,gap_review_detail,historical_halt_status,remaining_work
user-001,QH,2025-07-28,-92.0,user_supplied_unverified,NOT_YET_REVIEWED,,,,,,BARS_AVAILABLE_IN_SAMPLE,NOT_APPLICABLE,1,,,NOT_ESTABLISHED,,,,,UNKNOWN,POINT_IN_TIME_REVIEW_AND_REPLAY_INCOMPLETE
user-002,RAYA,2025-07-25,-51.0,user_supplied_unverified,PRE_DROP_FIRM_RELATIONSHIP_VERIFIED,"Craft Capital Management LLC; R.F. Lafferty & Co., Inc.",Ortoli Rosenstadt LLP,2022-12-14,https://www.sec.gov/Archives/edgar/data/1825875/000121390022080911/ea1703536kex99-1_eravakpower.htm,BASE_GROSS_BELOW_15000000,BARS_AVAILABLE_IN_SAMPLE,NOT_APPLICABLE,5,,,NOT_ESTABLISHED,,,,,UNKNOWN,POINT_IN_TIME_REVIEW_AND_REPLAY_INCOMPLETE
user-003,GDHG,2025-07-25,-63.0,user_supplied_unverified,PRE_DROP_FIRM_RELATIONSHIP_VERIFIED,"Revere Securities LLC; R.F. Lafferty & Co., Inc.",Hunter Taubman Fischer & Li LLC,2023-04-14,https://www.sec.gov/Archives/edgar/data/1928340/000121390023030234/ea177003ex99-2_goldenheaven.htm,BASE_GROSS_BELOW_15000000,NO_BARS_IN_SAMPLED_INTERVAL,SAME_SESSION_HISTORY_AVAILABLE,0,100,,NOT_ESTABLISHED,,,,,UNKNOWN,POINT_IN_TIME_REVIEW_AND_REPLAY_INCOMPLETE
user-004,GSIW,2025-07-24,-67.0,user_supplied_unverified,NOT_YET_REVIEWED,,,,,,BARS_AVAILABLE_IN_SAMPLE,NOT_APPLICABLE,2,,,NOT_ESTABLISHED,,,,,UNKNOWN,POINT_IN_TIME_REVIEW_AND_REPLAY_INCOMPLETE
user-005,ORIS,2025-07-22,-71.0,user_supplied_unverified,NOT_YET_REVIEWED,,,,,,NO_BARS_IN_SAMPLED_INTERVAL,SAME_SESSION_HISTORY_AVAILABLE,0,99,,NOT_ESTABLISHED,,,,,UNKNOWN,POINT_IN_TIME_REVIEW_AND_REPLAY_INCOMPLETE
user-006,EJH,2025-07-22,-62.0,user_supplied_unverified,NOT_YET_REVIEWED,,,,,,BARS_AVAILABLE_IN_SAMPLE,NOT_APPLICABLE,2,,,NOT_ESTABLISHED,,,,,UNKNOWN,POINT_IN_TIME_REVIEW_AND_REPLAY_INCOMPLETE
user-007,GSIW,2025-07-21,-91.0,user_supplied_unverified,NOT_YET_REVIEWED,,,,,,BARS_AVAILABLE_IN_SAMPLE,NOT_APPLICABLE,5,,,NOT_ESTABLISHED,,,,,UNKNOWN,POINT_IN_TIME_REVIEW_AND_REPLAY_INCOMPLETE
user-008,RAYA,2025-07-21,-95.0,user_supplied_unverified,PRE_DROP_FIRM_RELATIONSHIP_VERIFIED,"Craft Capital Management LLC; R.F. Lafferty & Co., Inc.",Ortoli Rosenstadt LLP,2022-12-14,https://www.sec.gov/Archives/edgar/data/1825875/000121390022080911/ea1703536kex99-1_eravakpower.htm,BASE_GROSS_BELOW_15000000,BARS_AVAILABLE_IN_SAMPLE,NOT_APPLICABLE,4,,,NOT_ESTABLISHED,,,,,UNKNOWN,POINT_IN_TIME_REVIEW_AND_REPLAY_INCOMPLETE
user-009,MFH,2025-07-21,-74.0,user_supplied_unverified,NOT_YET_REVIEWED,,,,,,BARS_AVAILABLE_IN_SAMPLE,NOT_APPLICABLE,5,,,NOT_ESTABLISHED,,,,,UNKNOWN,POINT_IN_TIME_REVIEW_AND_REPLAY_INCOMPLETE
user-010,PCLA,2025-07-15,-83.0,user_supplied_unverified,NOT_YET_REVIEWED,,,,,,BARS_AVAILABLE_IN_SAMPLE,NOT_APPLICABLE,4,,,NOT_ESTABLISHED,,,,,UNKNOWN,POINT_IN_TIME_REVIEW_AND_REPLAY_INCOMPLETE
user-011,MSW,2025-07-14,-70.0,user_supplied_unverified,NOT_YET_REVIEWED,,,,,,NO_BARS_IN_SAMPLED_INTERVAL,SAME_SESSION_HISTORY_AVAILABLE,0,20,,NOT_ESTABLISHED,,,,,UNKNOWN,POINT_IN_TIME_REVIEW_AND_REPLAY_INCOMPLETE
user-012,PHH,2025-07-08,-93.0,user_supplied_unverified,NOT_YET_REVIEWED,,,,,,BARS_AVAILABLE_IN_SAMPLE,NOT_APPLICABLE,5,,,NOT_ESTABLISHED,,,,,UNKNOWN,POINT_IN_TIME_REVIEW_AND_REPLAY_INCOMPLETE
user-013,WAI,2025-07-07,-82.0,user_supplied_unverified,NOT_YET_REVIEWED,,,,,,BARS_AVAILABLE_IN_SAMPLE,NOT_APPLICABLE,2,,,NOT_ESTABLISHED,,,,,UNKNOWN,POINT_IN_TIME_REVIEW_AND_REPLAY_INCOMPLETE
user-014,YAAS,2025-07-01,-88.0,user_supplied_unverified,NOT_YET_REVIEWED,,,,,,BARS_AVAILABLE_IN_SAMPLE,NOT_APPLICABLE,5,,,NOT_ESTABLISHED,,,,,UNKNOWN,POINT_IN_TIME_REVIEW_AND_REPLAY_INCOMPLETE
user-015,OST,2025-06-30,-60.0,user_supplied_unverified,NOT_YET_REVIEWED,,,,,,BARS_AVAILABLE_IN_SAMPLE,NOT_APPLICABLE,5,,,NOT_ESTABLISHED,,,,,UNKNOWN,POINT_IN_TIME_REVIEW_AND_REPLAY_INCOMPLETE
user-016,GDHG,2025-06-30,-67.0,user_supplied_unverified,PRE_DROP_FIRM_RELATIONSHIP_VERIFIED,"Revere Securities LLC; R.F. Lafferty & Co., Inc.",Hunter Taubman Fischer & Li LLC,2023-04-14,https://www.sec.gov/Archives/edgar/data/1928340/000121390023030234/ea177003ex99-2_goldenheaven.htm,BASE_GROSS_BELOW_15000000,BARS_AVAILABLE_IN_SAMPLE,NOT_APPLICABLE,3,,,NOT_ESTABLISHED,,,,,UNKNOWN,POINT_IN_TIME_REVIEW_AND_REPLAY_INCOMPLETE
user-017,OST,2025-06-27,-64.0,user_supplied_unverified,NOT_YET_REVIEWED,,,,,,BARS_AVAILABLE_IN_SAMPLE,NOT_APPLICABLE,5,,,NOT_ESTABLISHED,,,,,UNKNOWN,POINT_IN_TIME_REVIEW_AND_REPLAY_INCOMPLETE
user-018,OST,2025-06-26,-94.0,user_supplied_unverified,NOT_YET_REVIEWED,,,,,,BARS_AVAILABLE_IN_SAMPLE,NOT_APPLICABLE,5,,,NOT_ESTABLISHED,,,,,UNKNOWN,POINT_IN_TIME_REVIEW_AND_REPLAY_INCOMPLETE
user-019,GVH,2025-06-26,-78.0,user_supplied_unverified,NOT_YET_REVIEWED,,,,,,BARS_AVAILABLE_IN_SAMPLE,NOT_APPLICABLE,4,,,NOT_ESTABLISHED,,,,,UNKNOWN,POINT_IN_TIME_REVIEW_AND_REPLAY_INCOMPLETE
user-020,JZ,2025-06-17,-69.0,user_supplied_unverified,NOT_YET_REVIEWED,,,,,,BARS_AVAILABLE_IN_SAMPLE,NOT_APPLICABLE,1,,,NOT_ESTABLISHED,,,,,UNKNOWN,POINT_IN_TIME_REVIEW_AND_REPLAY_INCOMPLETE
user-021,CREG,2025-06-16,-52.0,user_supplied_unverified,NOT_YET_REVIEWED,,,,,,BARS_AVAILABLE_IN_SAMPLE,NOT_APPLICABLE,4,,,NOT_ESTABLISHED,,,,,UNKNOWN,POINT_IN_TIME_REVIEW_AND_REPLAY_INCOMPLETE
user-022,MCTR,2025-06-05,-73.0,user_supplied_unverified,NOT_YET_REVIEWED,,,,,,BARS_AVAILABLE_IN_SAMPLE,NOT_APPLICABLE,5,,,NOT_ESTABLISHED,,,,,UNKNOWN,POINT_IN_TIME_REVIEW_AND_REPLAY_INCOMPLETE
user-023,MCTR,2025-06-04,-61.0,user_supplied_unverified,NOT_YET_REVIEWED,,,,,,BARS_AVAILABLE_IN_SAMPLE,NOT_APPLICABLE,5,,,NOT_ESTABLISHED,,,,,UNKNOWN,POINT_IN_TIME_REVIEW_AND_REPLAY_INCOMPLETE
user-024,PTLE,2025-06-04,-54.0,user_supplied_unverified,NOT_YET_REVIEWED,,,,,,BARS_AVAILABLE_IN_SAMPLE,NOT_APPLICABLE,5,,,NOT_ESTABLISHED,,,,,UNKNOWN,POINT_IN_TIME_REVIEW_AND_REPLAY_INCOMPLETE
user-025,RAY,2025-06-03,-52.0,user_supplied_unverified,NOT_YET_REVIEWED,,,,,,BARS_AVAILABLE_IN_SAMPLE,NOT_APPLICABLE,1,,,NOT_ESTABLISHED,,,,,UNKNOWN,POINT_IN_TIME_REVIEW_AND_REPLAY_INCOMPLETE
user-026,PTLE,2025-06-03,-67.0,user_supplied_unverified,NOT_YET_REVIEWED,,,,,,BARS_AVAILABLE_IN_SAMPLE,NOT_APPLICABLE,3,,,NOT_ESTABLISHED,,,,,UNKNOWN,POINT_IN_TIME_REVIEW_AND_REPLAY_INCOMPLETE
user-027,SISI,2025-05-30,-57.0,user_supplied_unverified,NOT_YET_REVIEWED,,,,,,BARS_AVAILABLE_IN_SAMPLE,NOT_APPLICABLE,3,,,NOT_ESTABLISHED,,,,,UNKNOWN,POINT_IN_TIME_REVIEW_AND_REPLAY_INCOMPLETE
user-028,NAMI,2025-05-29,-67.0,user_supplied_unverified,NOT_YET_REVIEWED,,,,,,NO_BARS_IN_SAMPLED_INTERVAL,SAME_SESSION_HISTORY_AVAILABLE,0,57,,NOT_ESTABLISHED,,,,,UNKNOWN,POINT_IN_TIME_REVIEW_AND_REPLAY_INCOMPLETE
user-029,GDHG,2025-05-23,-69.0,user_supplied_unverified,PRE_DROP_FIRM_RELATIONSHIP_VERIFIED,"Revere Securities LLC; R.F. Lafferty & Co., Inc.",Hunter Taubman Fischer & Li LLC,2023-04-14,https://www.sec.gov/Archives/edgar/data/1928340/000121390023030234/ea177003ex99-2_goldenheaven.htm,BASE_GROSS_BELOW_15000000,NO_BARS_IN_SAMPLED_INTERVAL,SAME_SESSION_HISTORY_AVAILABLE,0,57,,NOT_ESTABLISHED,,,,,UNKNOWN,POINT_IN_TIME_REVIEW_AND_REPLAY_INCOMPLETE
user-030,UFG,2025-05-22,-69.0,user_supplied_unverified,NOT_YET_REVIEWED,,,,,,BARS_AVAILABLE_IN_SAMPLE,NOT_APPLICABLE,3,,,NOT_ESTABLISHED,,,,,UNKNOWN,POINT_IN_TIME_REVIEW_AND_REPLAY_INCOMPLETE
user-031,HLP,2025-05-21,-51.0,user_supplied_unverified,NOT_YET_REVIEWED,,,,,,NO_BARS_IN_SAMPLED_INTERVAL,SAME_SESSION_HISTORY_AVAILABLE,0,1,,NOT_ESTABLISHED,,,,,UNKNOWN,POINT_IN_TIME_REVIEW_AND_REPLAY_INCOMPLETE
user-032,WYHG,2025-05-15,-82.0,user_supplied_unverified,NOT_YET_REVIEWED,,,,,,BARS_AVAILABLE_IN_SAMPLE,NOT_APPLICABLE,4,,,NOT_ESTABLISHED,,,,,UNKNOWN,POINT_IN_TIME_REVIEW_AND_REPLAY_INCOMPLETE
user-033,BLMZ,2025-05-14,-58.0,user_supplied_unverified,NOT_YET_REVIEWED,,,,,,BARS_AVAILABLE_IN_SAMPLE,NOT_APPLICABLE,5,,,NOT_ESTABLISHED,,,,,UNKNOWN,POINT_IN_TIME_REVIEW_AND_REPLAY_INCOMPLETE
user-034,HTCO,2025-05-14,-85.0,user_supplied_unverified,NOT_YET_REVIEWED,,,,,,BARS_AVAILABLE_IN_SAMPLE,NOT_APPLICABLE,3,,,NOT_ESTABLISHED,,,,,UNKNOWN,POINT_IN_TIME_REVIEW_AND_REPLAY_INCOMPLETE
user-035,RGC,2025-05-13,-55.0,user_supplied_unverified,NOT_YET_REVIEWED,,,,,,NO_BARS_IN_SAMPLED_INTERVAL,SAME_SESSION_HISTORY_AVAILABLE,0,93,,NOT_ESTABLISHED,,,,,UNKNOWN,POINT_IN_TIME_REVIEW_AND_REPLAY_INCOMPLETE
user-036,ITP,2025-05-13,-50.0,user_supplied_unverified,NOT_YET_REVIEWED,,,,,,BARS_AVAILABLE_IN_SAMPLE,NOT_APPLICABLE,5,,,NOT_ESTABLISHED,,,,,UNKNOWN,POINT_IN_TIME_REVIEW_AND_REPLAY_INCOMPLETE
user-037,ZYBT,2025-05-13,-66.0,user_supplied_unverified,NOT_YET_REVIEWED,,,,,,BARS_AVAILABLE_IN_SAMPLE,NOT_APPLICABLE,2,,,NOT_ESTABLISHED,,,,,UNKNOWN,POINT_IN_TIME_REVIEW_AND_REPLAY_INCOMPLETE
user-038,NTCL,2025-05-05,-63.0,user_supplied_unverified,NOT_YET_REVIEWED,,,,,,BARS_AVAILABLE_IN_SAMPLE,NOT_APPLICABLE,3,,,NOT_ESTABLISHED,,,,,UNKNOWN,POINT_IN_TIME_REVIEW_AND_REPLAY_INCOMPLETE
user-039,SXTC,2025-05-05,-58.0,user_supplied_unverified,NOT_YET_REVIEWED,,,,,,NO_BARS_IN_SAMPLED_INTERVAL,SAME_SESSION_HISTORY_AVAILABLE,0,123,,NOT_ESTABLISHED,,,,,UNKNOWN,POINT_IN_TIME_REVIEW_AND_REPLAY_INCOMPLETE
user-040,CDTG,2025-05-01,-77.0,user_supplied_unverified,NOT_YET_REVIEWED,,,,,,BARS_AVAILABLE_IN_SAMPLE,NOT_APPLICABLE,1,,,NOT_ESTABLISHED,,,,,UNKNOWN,POINT_IN_TIME_REVIEW_AND_REPLAY_INCOMPLETE
user-041,HPH,2025-05-01,-50.0,user_supplied_unverified,NOT_YET_REVIEWED,,,,,,BARS_AVAILABLE_IN_SAMPLE,NOT_APPLICABLE,3,,,NOT_ESTABLISHED,,,,,UNKNOWN,POINT_IN_TIME_REVIEW_AND_REPLAY_INCOMPLETE
user-042,EJH,2025-04-30,-57.0,user_supplied_unverified,NOT_YET_REVIEWED,,,,,,BARS_AVAILABLE_IN_SAMPLE,NOT_APPLICABLE,5,,,NOT_ESTABLISHED,,,,,UNKNOWN,POINT_IN_TIME_REVIEW_AND_REPLAY_INCOMPLETE
user-043,AGMH,2025-04-29,-50.0,user_supplied_unverified,NOT_YET_REVIEWED,,,,,,BARS_AVAILABLE_IN_SAMPLE,NOT_APPLICABLE,5,,,NOT_ESTABLISHED,,,,,UNKNOWN,POINT_IN_TIME_REVIEW_AND_REPLAY_INCOMPLETE
user-044,ZYBT,2025-04-29,-54.0,user_supplied_unverified,NOT_YET_REVIEWED,,,,,,BARS_AVAILABLE_IN_SAMPLE,NOT_APPLICABLE,5,,,NOT_ESTABLISHED,,,,,UNKNOWN,POINT_IN_TIME_REVIEW_AND_REPLAY_INCOMPLETE
user-045,CGTL,2025-04-25,-78.0,user_supplied_unverified,NOT_YET_REVIEWED,,,,,,BARS_AVAILABLE_IN_SAMPLE,NOT_APPLICABLE,1,,,NOT_ESTABLISHED,,,,,UNKNOWN,POINT_IN_TIME_REVIEW_AND_REPLAY_INCOMPLETE
user-046,JZXN,2025-04-24,-79.0,user_supplied_unverified,NOT_YET_REVIEWED,,,,,,BARS_AVAILABLE_IN_SAMPLE,NOT_APPLICABLE,4,,,NOT_ESTABLISHED,,,,,UNKNOWN,POINT_IN_TIME_REVIEW_AND_REPLAY_INCOMPLETE
user-047,OMH,2025-04-22,-53.0,user_supplied_unverified,NOT_YET_REVIEWED,,,,,,BARS_AVAILABLE_IN_SAMPLE,NOT_APPLICABLE,5,,,NOT_ESTABLISHED,,,,,UNKNOWN,POINT_IN_TIME_REVIEW_AND_REPLAY_INCOMPLETE
user-048,JYD,2025-04-22,-55.0,user_supplied_unverified,NOT_YET_REVIEWED,,,,,,BARS_AVAILABLE_IN_SAMPLE,NOT_APPLICABLE,5,,,NOT_ESTABLISHED,,,,,UNKNOWN,POINT_IN_TIME_REVIEW_AND_REPLAY_INCOMPLETE
user-049,CLIK,2025-04-21,-60.0,user_supplied_unverified,NOT_YET_REVIEWED,,,,,,BARS_AVAILABLE_IN_SAMPLE,NOT_APPLICABLE,5,,,NOT_ESTABLISHED,,,,,UNKNOWN,POINT_IN_TIME_REVIEW_AND_REPLAY_INCOMPLETE
user-050,SXTC,2025-04-21,-54.0,user_supplied_unverified,NOT_YET_REVIEWED,,,,,,BARS_AVAILABLE_IN_SAMPLE,NOT_APPLICABLE,5,,,NOT_ESTABLISHED,,,,,UNKNOWN,POINT_IN_TIME_REVIEW_AND_REPLAY_INCOMPLETE
user-051,LXEH,2025-04-21,-76.0,user_supplied_unverified,NOT_YET_REVIEWED,,,,,,NO_BARS_IN_SAMPLED_INTERVAL,SAME_SESSION_HISTORY_AVAILABLE,0,181,,NOT_ESTABLISHED,,,,,UNKNOWN,POINT_IN_TIME_REVIEW_AND_REPLAY_INCOMPLETE
user-052,RTC,2025-04-21,-55.0,user_supplied_unverified,NOT_YET_REVIEWED,,,,,,BARS_AVAILABLE_IN_SAMPLE,NOT_APPLICABLE,5,,,NOT_ESTABLISHED,,,,,UNKNOWN,POINT_IN_TIME_REVIEW_AND_REPLAY_INCOMPLETE
user-053,CLIK,2025-04-17,-65.0,user_supplied_unverified,NOT_YET_REVIEWED,,,,,,BARS_AVAILABLE_IN_SAMPLE,NOT_APPLICABLE,5,,,NOT_ESTABLISHED,,,,,UNKNOWN,POINT_IN_TIME_REVIEW_AND_REPLAY_INCOMPLETE
user-054,LXEH,2025-04-17,-83.0,user_supplied_unverified,NOT_YET_REVIEWED,,,,,,NO_BARS_IN_SAMPLED_INTERVAL,SAME_SESSION_HISTORY_AVAILABLE,0,81,,NOT_ESTABLISHED,,,,,UNKNOWN,POINT_IN_TIME_REVIEW_AND_REPLAY_INCOMPLETE
user-055,CLIK,2025-04-16,-78.0,user_supplied_unverified,NOT_YET_REVIEWED,,,,,,BARS_AVAILABLE_IN_SAMPLE,NOT_APPLICABLE,4,,,NOT_ESTABLISHED,,,,,UNKNOWN,POINT_IN_TIME_REVIEW_AND_REPLAY_INCOMPLETE
user-056,BLMZ,2025-04-16,-55.0,user_supplied_unverified,NOT_YET_REVIEWED,,,,,,BARS_AVAILABLE_IN_SAMPLE,NOT_APPLICABLE,3,,,NOT_ESTABLISHED,,,,,UNKNOWN,POINT_IN_TIME_REVIEW_AND_REPLAY_INCOMPLETE
user-057,XHG,2025-04-11,-72.0,user_supplied_unverified,NOT_YET_REVIEWED,,,,,,BARS_AVAILABLE_IN_SAMPLE,NOT_APPLICABLE,5,,,NOT_ESTABLISHED,,,,,UNKNOWN,POINT_IN_TIME_REVIEW_AND_REPLAY_INCOMPLETE
user-058,LXEH,2025-04-10,-56.0,user_supplied_unverified,NOT_YET_REVIEWED,,,,,,BARS_AVAILABLE_IN_SAMPLE,NOT_APPLICABLE,1,,,NOT_ESTABLISHED,,,,,UNKNOWN,POINT_IN_TIME_REVIEW_AND_REPLAY_INCOMPLETE
user-059,OST,2025-04-09,-75.0,user_supplied_unverified,NOT_YET_REVIEWED,,,,,,BARS_AVAILABLE_IN_SAMPLE,NOT_APPLICABLE,2,,,NOT_ESTABLISHED,,,,,UNKNOWN,POINT_IN_TIME_REVIEW_AND_REPLAY_INCOMPLETE
user-060,XHG,2025-04-08,-69.0,user_supplied_unverified,NOT_YET_REVIEWED,,,,,,NO_BARS_IN_SAMPLED_INTERVAL,SAME_SESSION_HISTORY_AVAILABLE,0,104,,NOT_ESTABLISHED,,,,,UNKNOWN,POINT_IN_TIME_REVIEW_AND_REPLAY_INCOMPLETE
user-061,FEDU,2025-04-08,-54.0,user_supplied_unverified,NOT_YET_REVIEWED,,,,,,NO_BARS_IN_SAMPLED_INTERVAL,SAME_SESSION_HISTORY_AVAILABLE,0,2,,NOT_ESTABLISHED,,,,,UNKNOWN,POINT_IN_TIME_REVIEW_AND_REPLAY_INCOMPLETE
user-062,AGMH,2025-04-07,-58.0,user_supplied_unverified,NOT_YET_REVIEWED,,,,,,BARS_AVAILABLE_IN_SAMPLE,NOT_APPLICABLE,4,,,NOT_ESTABLISHED,,,,,UNKNOWN,POINT_IN_TIME_REVIEW_AND_REPLAY_INCOMPLETE
user-063,JYD,2025-04-02,-95.0,user_supplied_unverified,NOT_YET_REVIEWED,,,,,,BARS_AVAILABLE_IN_SAMPLE,NOT_APPLICABLE,5,,,NOT_ESTABLISHED,,,,,UNKNOWN,POINT_IN_TIME_REVIEW_AND_REPLAY_INCOMPLETE
user-064,TDTH,2025-03-27,-67.0,user_supplied_unverified,NOT_YET_REVIEWED,,,,,,BARS_AVAILABLE_IN_SAMPLE,NOT_APPLICABLE,3,,,NOT_ESTABLISHED,,,,,UNKNOWN,POINT_IN_TIME_REVIEW_AND_REPLAY_INCOMPLETE
user-065,WLGS,2025-03-24,-88.0,user_supplied_unverified,NOT_YET_REVIEWED,,,,,,BARS_AVAILABLE_IN_SAMPLE,NOT_APPLICABLE,5,,,NOT_ESTABLISHED,,,,,UNKNOWN,POINT_IN_TIME_REVIEW_AND_REPLAY_INCOMPLETE
user-066,HTCO,2025-03-24,-52.0,user_supplied_unverified,NOT_YET_REVIEWED,,,,,,BARS_AVAILABLE_IN_SAMPLE,NOT_APPLICABLE,3,,,NOT_ESTABLISHED,,,,,UNKNOWN,POINT_IN_TIME_REVIEW_AND_REPLAY_INCOMPLETE
user-067,ANTE,2025-03-18,-51.0,user_supplied_unverified,NOT_YET_REVIEWED,,,,,,BARS_AVAILABLE_IN_SAMPLE,NOT_APPLICABLE,5,,,NOT_ESTABLISHED,,,,,UNKNOWN,POINT_IN_TIME_REVIEW_AND_REPLAY_INCOMPLETE
user-068,BON,2025-03-17,-61.0,user_supplied_unverified,NOT_YET_REVIEWED,,,,,,BARS_AVAILABLE_IN_SAMPLE,NOT_APPLICABLE,5,,,NOT_ESTABLISHED,,,,,UNKNOWN,POINT_IN_TIME_REVIEW_AND_REPLAY_INCOMPLETE
user-069,SPHL,2025-03-13,-53.0,user_supplied_unverified,NOT_YET_REVIEWED,,,,,,BARS_AVAILABLE_IN_SAMPLE,NOT_APPLICABLE,5,,,NOT_ESTABLISHED,,,,,UNKNOWN,POINT_IN_TIME_REVIEW_AND_REPLAY_INCOMPLETE
user-070,SPHL,2025-03-12,-84.0,user_supplied_unverified,NOT_YET_REVIEWED,,,,,,BARS_AVAILABLE_IN_SAMPLE,NOT_APPLICABLE,4,,,NOT_ESTABLISHED,,,,,UNKNOWN,POINT_IN_TIME_REVIEW_AND_REPLAY_INCOMPLETE
user-071,WCT,2025-03-11,-82.0,user_supplied_unverified,NOT_YET_REVIEWED,,,,,,BARS_AVAILABLE_IN_SAMPLE,NOT_APPLICABLE,5,,,NOT_ESTABLISHED,,,,,UNKNOWN,POINT_IN_TIME_REVIEW_AND_REPLAY_INCOMPLETE
user-072,STBX,2025-03-04,-52.0,user_supplied_unverified,NOT_YET_REVIEWED,,,,,,BARS_AVAILABLE_IN_SAMPLE,NOT_APPLICABLE,3,,,NOT_ESTABLISHED,,,,,UNKNOWN,POINT_IN_TIME_REVIEW_AND_REPLAY_INCOMPLETE
user-073,AGMH,2025-03-03,-68.0,user_supplied_unverified,NOT_YET_REVIEWED,,,,,,BARS_AVAILABLE_IN_SAMPLE,NOT_APPLICABLE,4,,,NOT_ESTABLISHED,,,,,UNKNOWN,POINT_IN_TIME_REVIEW_AND_REPLAY_INCOMPLETE
user-074,ARBB,2025-02-28,-54.0,user_supplied_unverified,NOT_YET_REVIEWED,,,,,,NO_BARS_IN_SAMPLED_INTERVAL,SAME_SESSION_HISTORY_AVAILABLE,0,23,,NOT_ESTABLISHED,,,,,UNKNOWN,POINT_IN_TIME_REVIEW_AND_REPLAY_INCOMPLETE
user-075,DGNX,2025-02-25,-54.0,user_supplied_unverified,NOT_YET_REVIEWED,,,,,,BARS_AVAILABLE_IN_SAMPLE,NOT_APPLICABLE,2,,,NOT_ESTABLISHED,,,,,UNKNOWN,POINT_IN_TIME_REVIEW_AND_REPLAY_INCOMPLETE
user-076,MFI,2025-02-25,-56.0,user_supplied_unverified,NOT_YET_REVIEWED,,,,,,BARS_AVAILABLE_IN_SAMPLE,NOT_APPLICABLE,1,,,NOT_ESTABLISHED,,,,,UNKNOWN,POINT_IN_TIME_REVIEW_AND_REPLAY_INCOMPLETE
user-077,PTHL,2025-02-24,-53.0,user_supplied_unverified,NOT_YET_REVIEWED,,,,,,NO_BARS_IN_SAMPLED_INTERVAL,SAME_SESSION_HISTORY_AVAILABLE,0,10,,NOT_ESTABLISHED,,,,,UNKNOWN,POINT_IN_TIME_REVIEW_AND_REPLAY_INCOMPLETE
user-078,WOK,2025-02-20,-67.0,user_supplied_unverified,NOT_YET_REVIEWED,,,,,,NO_BARS_IN_SAMPLED_INTERVAL,SAME_SESSION_HISTORY_AVAILABLE,0,42,,NOT_ESTABLISHED,,,,,UNKNOWN,POINT_IN_TIME_REVIEW_AND_REPLAY_INCOMPLETE
user-079,INLF,2025-02-18,-81.0,user_supplied_unverified,NOT_YET_REVIEWED,,,,,,BARS_AVAILABLE_IN_SAMPLE,NOT_APPLICABLE,5,,,NOT_ESTABLISHED,,,,,UNKNOWN,POINT_IN_TIME_REVIEW_AND_REPLAY_INCOMPLETE
user-080,WLGS,2025-02-14,-58.0,user_supplied_unverified,NOT_YET_REVIEWED,,,,,,BARS_AVAILABLE_IN_SAMPLE,NOT_APPLICABLE,1,,,NOT_ESTABLISHED,,,,,UNKNOWN,POINT_IN_TIME_REVIEW_AND_REPLAY_INCOMPLETE
user-081,PWM,2025-02-14,-61.0,user_supplied_unverified,NOT_YET_REVIEWED,,,,,,NO_BARS_IN_SAMPLED_INTERVAL,SAME_SESSION_HISTORY_AVAILABLE,0,85,,NOT_ESTABLISHED,,,,,UNKNOWN,POINT_IN_TIME_REVIEW_AND_REPLAY_INCOMPLETE
user-082,PCLA,2025-02-14,-62.0,user_supplied_unverified,NOT_YET_REVIEWED,,,,,,BARS_AVAILABLE_IN_SAMPLE,NOT_APPLICABLE,4,,,NOT_ESTABLISHED,,,,,UNKNOWN,POINT_IN_TIME_REVIEW_AND_REPLAY_INCOMPLETE
user-083,HTLM,2025-02-13,-60.0,user_supplied_unverified,NOT_YET_REVIEWED,,,,,,NO_BARS_IN_SAMPLED_INTERVAL,SAME_SESSION_HISTORY_AVAILABLE,0,28,,NOT_ESTABLISHED,,,,,UNKNOWN,POINT_IN_TIME_REVIEW_AND_REPLAY_INCOMPLETE
user-084,STBX,2025-02-10,-53.0,user_supplied_unverified,NOT_YET_REVIEWED,,,,,,BARS_AVAILABLE_IN_SAMPLE,NOT_APPLICABLE,3,,,NOT_ESTABLISHED,,,,,UNKNOWN,POINT_IN_TIME_REVIEW_AND_REPLAY_INCOMPLETE
user-085,CLEU,2025-01-30,-98.0,user_supplied_unverified,NOT_YET_REVIEWED,,,,,,BARS_AVAILABLE_IN_SAMPLE,NOT_APPLICABLE,5,,,NOT_ESTABLISHED,,,,,UNKNOWN,POINT_IN_TIME_REVIEW_AND_REPLAY_INCOMPLETE
user-086,TDTH,2025-01-30,-60.0,user_supplied_unverified,NOT_YET_REVIEWED,,,,,,BARS_AVAILABLE_IN_SAMPLE,NOT_APPLICABLE,2,,,NOT_ESTABLISHED,,,,,UNKNOWN,POINT_IN_TIME_REVIEW_AND_REPLAY_INCOMPLETE
user-087,DXF,2025-01-27,-76.0,user_supplied_unverified,NOT_YET_REVIEWED,,,,,,BARS_AVAILABLE_IN_SAMPLE,NOT_APPLICABLE,2,,,NOT_ESTABLISHED,,,,,UNKNOWN,POINT_IN_TIME_REVIEW_AND_REPLAY_INCOMPLETE
user-088,NXTT,2025-01-24,-63.0,user_supplied_unverified,NOT_YET_REVIEWED,,,,,,BARS_AVAILABLE_IN_SAMPLE,NOT_APPLICABLE,1,,,NOT_ESTABLISHED,,,,,UNKNOWN,POINT_IN_TIME_REVIEW_AND_REPLAY_INCOMPLETE
user-089,STBX,2025-01-24,-52.0,user_supplied_unverified,NOT_YET_REVIEWED,,,,,,NO_BARS_IN_SAMPLED_INTERVAL,SAME_SESSION_HISTORY_AVAILABLE,0,202,,NOT_ESTABLISHED,,,,,UNKNOWN,POINT_IN_TIME_REVIEW_AND_REPLAY_INCOMPLETE
user-090,CHSN,2025-01-23,-88.0,user_supplied_unverified,NOT_YET_REVIEWED,,,,,,BARS_AVAILABLE_IN_SAMPLE,NOT_APPLICABLE,3,,,NOT_ESTABLISHED,,,,,UNKNOWN,POINT_IN_TIME_REVIEW_AND_REPLAY_INCOMPLETE
user-091,STFS,2025-01-22,-85.0,user_supplied_unverified,NOT_YET_REVIEWED,,,,,,BARS_AVAILABLE_IN_SAMPLE,NOT_APPLICABLE,2,,,NOT_ESTABLISHED,,,,,UNKNOWN,POINT_IN_TIME_REVIEW_AND_REPLAY_INCOMPLETE
user-092,ORKT,2025-01-17,-83.0,user_supplied_unverified,NOT_YET_REVIEWED,,,,,,BARS_AVAILABLE_IN_SAMPLE,NOT_APPLICABLE,5,,,NOT_ESTABLISHED,,,,,UNKNOWN,POINT_IN_TIME_REVIEW_AND_REPLAY_INCOMPLETE
user-093,PMAX,2025-01-16,-69.0,user_supplied_unverified,NOT_YET_REVIEWED,,,,,,BARS_AVAILABLE_IN_SAMPLE,NOT_APPLICABLE,1,,,NOT_ESTABLISHED,,,,,UNKNOWN,POINT_IN_TIME_REVIEW_AND_REPLAY_INCOMPLETE
user-094,WNW,2025-01-15,-66.0,user_supplied_unverified,NOT_YET_REVIEWED,,,,,,BARS_AVAILABLE_IN_SAMPLE,NOT_APPLICABLE,1,,,NOT_ESTABLISHED,,,,,UNKNOWN,POINT_IN_TIME_REVIEW_AND_REPLAY_INCOMPLETE
user-095,PTLE,2025-01-15,-80.0,user_supplied_unverified,NOT_YET_REVIEWED,,,,,,BARS_AVAILABLE_IN_SAMPLE,NOT_APPLICABLE,4,,,NOT_ESTABLISHED,,,,,UNKNOWN,POINT_IN_TIME_REVIEW_AND_REPLAY_INCOMPLETE
user-096,WNW,2025-01-14,-76.0,user_supplied_unverified,NOT_YET_REVIEWED,,,,,,BARS_AVAILABLE_IN_SAMPLE,NOT_APPLICABLE,4,,,NOT_ESTABLISHED,,,,,UNKNOWN,POINT_IN_TIME_REVIEW_AND_REPLAY_INCOMPLETE
user-097,EHGO,2025-01-13,-72.0,user_supplied_unverified,NOT_YET_REVIEWED,,,,,,BARS_AVAILABLE_IN_SAMPLE,NOT_APPLICABLE,3,,,NOT_ESTABLISHED,,,,,UNKNOWN,POINT_IN_TIME_REVIEW_AND_REPLAY_INCOMPLETE
user-098,GRNQ,2025-01-13,-52.0,user_supplied_unverified,NOT_YET_REVIEWED,,,,,,BARS_AVAILABLE_IN_SAMPLE,NOT_APPLICABLE,5,,,NOT_ESTABLISHED,,,,,UNKNOWN,POINT_IN_TIME_REVIEW_AND_REPLAY_INCOMPLETE
user-099,CDTG,2025-01-10,-58.0,user_supplied_unverified,NOT_YET_REVIEWED,,,,,,NO_BARS_IN_SAMPLED_INTERVAL,SAME_SESSION_HISTORY_AVAILABLE,0,49,,NOT_ESTABLISHED,,,,,UNKNOWN,POINT_IN_TIME_REVIEW_AND_REPLAY_INCOMPLETE
user-100,BHAT,2025-01-08,-53.0,user_supplied_unverified,NOT_YET_REVIEWED,,,,,,BARS_AVAILABLE_IN_SAMPLE,NOT_APPLICABLE,5,,,NOT_ESTABLISHED,,,,,UNKNOWN,POINT_IN_TIME_REVIEW_AND_REPLAY_INCOMPLETE
user-101,SISI,2025-01-02,-56.0,user_supplied_unverified,NOT_YET_REVIEWED,,,,,,BARS_AVAILABLE_IN_SAMPLE,NOT_APPLICABLE,4,,,NOT_ESTABLISHED,,,,,UNKNOWN,POINT_IN_TIME_REVIEW_AND_REPLAY_INCOMPLETE
user-102,MI,2024-12-30,-57.0,user_supplied_unverified,NOT_YET_REVIEWED,,,,,,BARS_AVAILABLE_IN_SAMPLE,NOT_APPLICABLE,1,,,NOT_ESTABLISHED,,,,,UNKNOWN,POINT_IN_TIME_REVIEW_AND_REPLAY_INCOMPLETE
user-103,ICG,2024-12-30,-67.0,user_supplied_unverified,NOT_YET_REVIEWED,,,,,,BARS_AVAILABLE_IN_SAMPLE,NOT_APPLICABLE,3,,,NOT_ESTABLISHED,,,,,UNKNOWN,POINT_IN_TIME_REVIEW_AND_REPLAY_INCOMPLETE
user-104,LNKS,2024-12-26,-74.0,user_supplied_unverified,NOT_YET_REVIEWED,,,,,,BARS_AVAILABLE_IN_SAMPLE,NOT_APPLICABLE,3,,,NOT_ESTABLISHED,,,,,UNKNOWN,POINT_IN_TIME_REVIEW_AND_REPLAY_INCOMPLETE
user-105,CURR,2024-12-19,-73.0,user_supplied_unverified,NOT_YET_REVIEWED,,,,,,BARS_AVAILABLE_IN_SAMPLE,NOT_APPLICABLE,3,,,NOT_ESTABLISHED,,,,,UNKNOWN,POINT_IN_TIME_REVIEW_AND_REPLAY_INCOMPLETE
user-106,WLGS,2024-12-19,-54.0,user_supplied_unverified,NOT_YET_REVIEWED,,,,,,BARS_AVAILABLE_IN_SAMPLE,NOT_APPLICABLE,2,,,NOT_ESTABLISHED,,,,,UNKNOWN,POINT_IN_TIME_REVIEW_AND_REPLAY_INCOMPLETE
user-107,UCL,2024-12-19,-52.0,user_supplied_unverified,NOT_YET_REVIEWED,,,,,,BARS_AVAILABLE_IN_SAMPLE,NOT_APPLICABLE,5,,,NOT_ESTABLISHED,,,,,UNKNOWN,POINT_IN_TIME_REVIEW_AND_REPLAY_INCOMPLETE
user-108,XHG,2024-12-18,-60.0,user_supplied_unverified,NOT_YET_REVIEWED,,,,,,NO_BARS_IN_SAMPLED_INTERVAL,SAME_SESSION_HISTORY_AVAILABLE,0,25,,NOT_ESTABLISHED,,,,,UNKNOWN,POINT_IN_TIME_REVIEW_AND_REPLAY_INCOMPLETE
user-109,XCH,2024-12-18,-94.0,user_supplied_unverified,NOT_YET_REVIEWED,,,,,,NO_BARS_IN_SAMPLED_INTERVAL,SAME_SESSION_HISTORY_AVAILABLE,0,33,,NOT_ESTABLISHED,,,,,UNKNOWN,POINT_IN_TIME_REVIEW_AND_REPLAY_INCOMPLETE
user-110,ORKT,2024-12-17,-55.0,user_supplied_unverified,NOT_YET_REVIEWED,,,,,,BARS_AVAILABLE_IN_SAMPLE,NOT_APPLICABLE,5,,,NOT_ESTABLISHED,,,,,UNKNOWN,POINT_IN_TIME_REVIEW_AND_REPLAY_INCOMPLETE
user-111,SFHG,2024-12-12,-63.0,user_supplied_unverified,NOT_YET_REVIEWED,,,,,,BARS_AVAILABLE_IN_SAMPLE,NOT_APPLICABLE,2,,,NOT_ESTABLISHED,,,,,UNKNOWN,POINT_IN_TIME_REVIEW_AND_REPLAY_INCOMPLETE
user-112,SFHG,2024-12-11,-88.0,user_supplied_unverified,NOT_YET_REVIEWED,,,,,,BARS_AVAILABLE_IN_SAMPLE,NOT_APPLICABLE,2,,,NOT_ESTABLISHED,,,,,UNKNOWN,POINT_IN_TIME_REVIEW_AND_REPLAY_INCOMPLETE
user-113,TNMG,2024-12-10,-59.0,user_supplied_unverified,NOT_YET_REVIEWED,,,,,,BARS_AVAILABLE_IN_SAMPLE,NOT_APPLICABLE,1,,,NOT_ESTABLISHED,,,,,UNKNOWN,POINT_IN_TIME_REVIEW_AND_REPLAY_INCOMPLETE
user-114,UPC,2024-12-09,-63.0,user_supplied_unverified,NOT_YET_REVIEWED,,,,,,BARS_AVAILABLE_IN_SAMPLE,NOT_APPLICABLE,5,,,NOT_ESTABLISHED,,,,,UNKNOWN,POINT_IN_TIME_REVIEW_AND_REPLAY_INCOMPLETE
user-115,MRM,2024-12-09,-59.0,user_supplied_unverified,NOT_YET_REVIEWED,,,,,,NO_BARS_IN_SAMPLED_INTERVAL,SAME_SESSION_HISTORY_AVAILABLE,0,10,,NOT_ESTABLISHED,,,,,UNKNOWN,POINT_IN_TIME_REVIEW_AND_REPLAY_INCOMPLETE
user-116,ORIS,2024-12-06,-81.0,user_supplied_unverified,NOT_YET_REVIEWED,,,,,,NO_BARS_IN_SAMPLED_INTERVAL,SAME_SESSION_HISTORY_AVAILABLE,0,143,,NOT_ESTABLISHED,,,,,UNKNOWN,POINT_IN_TIME_REVIEW_AND_REPLAY_INCOMPLETE
user-117,LICN,2024-12-06,-91.0,user_supplied_unverified,NOT_YET_REVIEWED,,,,,,BARS_AVAILABLE_IN_SAMPLE,NOT_APPLICABLE,2,,,NOT_ESTABLISHED,,,,,UNKNOWN,POINT_IN_TIME_REVIEW_AND_REPLAY_INCOMPLETE
user-118,ZBAO,2024-12-06,-61.0,user_supplied_unverified,NOT_YET_REVIEWED,,,,,,NO_BARS_IN_SAMPLED_INTERVAL,SAME_SESSION_HISTORY_AVAILABLE,0,17,,NOT_ESTABLISHED,,,,,UNKNOWN,POINT_IN_TIME_REVIEW_AND_REPLAY_INCOMPLETE
user-119,PGHL,2024-11-27,-91.0,user_supplied_unverified,NOT_YET_REVIEWED,,,,,,NO_BARS_IN_SAMPLED_INTERVAL,SAME_SESSION_HISTORY_AVAILABLE,0,5,,NOT_ESTABLISHED,,,,,UNKNOWN,POINT_IN_TIME_REVIEW_AND_REPLAY_INCOMPLETE
user-120,HAO,2024-11-27,-50.0,user_supplied_unverified,NOT_YET_REVIEWED,,,,,,BARS_AVAILABLE_IN_SAMPLE,NOT_APPLICABLE,5,,,NOT_ESTABLISHED,,,,,UNKNOWN,POINT_IN_TIME_REVIEW_AND_REPLAY_INCOMPLETE
user-121,SKK,2024-11-21,-85.0,user_supplied_unverified,NOT_YET_REVIEWED,,,,,,BARS_AVAILABLE_IN_SAMPLE,NOT_APPLICABLE,5,,,NOT_ESTABLISHED,,,,,UNKNOWN,POINT_IN_TIME_REVIEW_AND_REPLAY_INCOMPLETE
user-122,GLXG,2024-11-21,-61.0,user_supplied_unverified,NOT_YET_REVIEWED,,,,,,BARS_AVAILABLE_IN_SAMPLE,NOT_APPLICABLE,1,,,NOT_ESTABLISHED,,,,,UNKNOWN,POINT_IN_TIME_REVIEW_AND_REPLAY_INCOMPLETE
user-123,WCT,2024-11-21,-73.0,user_supplied_unverified,NOT_YET_REVIEWED,,,,,,NO_BARS_IN_SAMPLED_INTERVAL,SAME_SESSION_HISTORY_AVAILABLE,0,71,,NOT_ESTABLISHED,,,,,UNKNOWN,POINT_IN_TIME_REVIEW_AND_REPLAY_INCOMPLETE
user-124,QMMM,2024-11-18,-77.0,user_supplied_unverified,NOT_YET_REVIEWED,,,,,,BARS_AVAILABLE_IN_SAMPLE,NOT_APPLICABLE,4,,,NOT_ESTABLISHED,,,,,UNKNOWN,POINT_IN_TIME_REVIEW_AND_REPLAY_INCOMPLETE
user-125,MI,2024-11-15,-67.0,user_supplied_unverified,NOT_YET_REVIEWED,,,,,,NO_BARS_IN_SAMPLED_INTERVAL,SAME_SESSION_HISTORY_AVAILABLE,0,33,,NOT_ESTABLISHED,,,,,UNKNOWN,POINT_IN_TIME_REVIEW_AND_REPLAY_INCOMPLETE
user-126,WCT,2024-11-14,-50.0,user_supplied_unverified,NOT_YET_REVIEWED,,,,,,BARS_AVAILABLE_IN_SAMPLE,NOT_APPLICABLE,1,,,NOT_ESTABLISHED,,,,,UNKNOWN,POINT_IN_TIME_REVIEW_AND_REPLAY_INCOMPLETE
user-127,GLXG,2024-11-13,-73.0,user_supplied_unverified,NOT_YET_REVIEWED,,,,,,BARS_AVAILABLE_IN_SAMPLE,NOT_APPLICABLE,5,,,NOT_ESTABLISHED,,,,,UNKNOWN,POINT_IN_TIME_REVIEW_AND_REPLAY_INCOMPLETE
user-128,ELWS,2024-11-07,-53.0,user_supplied_unverified,NOT_YET_REVIEWED,,,,,,BARS_AVAILABLE_IN_SAMPLE,NOT_APPLICABLE,5,,,NOT_ESTABLISHED,,,,,UNKNOWN,POINT_IN_TIME_REVIEW_AND_REPLAY_INCOMPLETE
user-129,ARBB,2024-11-06,-55.0,user_supplied_unverified,NOT_YET_REVIEWED,,,,,,BARS_AVAILABLE_IN_SAMPLE,NOT_APPLICABLE,3,,,NOT_ESTABLISHED,,,,,UNKNOWN,POINT_IN_TIME_REVIEW_AND_REPLAY_INCOMPLETE
user-130,QMMM,2024-11-06,-59.0,user_supplied_unverified,NOT_YET_REVIEWED,,,,,,BARS_AVAILABLE_IN_SAMPLE,NOT_APPLICABLE,3,,,NOT_ESTABLISHED,,,,,UNKNOWN,POINT_IN_TIME_REVIEW_AND_REPLAY_INCOMPLETE
user-131,LGCB,2024-11-06,-59.0,user_supplied_unverified,NOT_YET_REVIEWED,,,,,,BARS_AVAILABLE_IN_SAMPLE,NOT_APPLICABLE,3,,,NOT_ESTABLISHED,,,,,UNKNOWN,POINT_IN_TIME_REVIEW_AND_REPLAY_INCOMPLETE
user-132,WCT,2024-11-06,-51.0,user_supplied_unverified,NOT_YET_REVIEWED,,,,,,BARS_AVAILABLE_IN_SAMPLE,NOT_APPLICABLE,1,,,NOT_ESTABLISHED,,,,,UNKNOWN,POINT_IN_TIME_REVIEW_AND_REPLAY_INCOMPLETE
user-133,UOKA,2024-10-31,-68.0,user_supplied_unverified,NOT_YET_REVIEWED,,,,,,NO_BARS_IN_SAMPLED_INTERVAL,NO_BARS_IN_WIDER_INTERVAL,0,0,0,NOT_ESTABLISHED,LATER_TICKER_LABEL,MDJH,https://www.sec.gov/Archives/edgar/data/1741534/000141057825000719/mdjh-20241231x20f.htm,"SEC annual report says MDJH became UOKA on December 3, 2024, after the reference date. Historical-symbol data retrieval remains pending.",UNKNOWN,POINT_IN_TIME_REVIEW_AND_REPLAY_INCOMPLETE
user-134,STBX,2024-10-31,-67.0,user_supplied_unverified,NOT_YET_REVIEWED,,,,,,BARS_AVAILABLE_IN_SAMPLE,NOT_APPLICABLE,5,,,NOT_ESTABLISHED,,,,,UNKNOWN,POINT_IN_TIME_REVIEW_AND_REPLAY_INCOMPLETE
user-135,STBX,2024-10-30,-60.0,user_supplied_unverified,NOT_YET_REVIEWED,,,,,,BARS_AVAILABLE_IN_SAMPLE,NOT_APPLICABLE,5,,,NOT_ESTABLISHED,,,,,UNKNOWN,POINT_IN_TIME_REVIEW_AND_REPLAY_INCOMPLETE
user-136,TWG,2024-10-25,-96.0,user_supplied_unverified,NOT_YET_REVIEWED,,,,,,BARS_AVAILABLE_IN_SAMPLE,NOT_APPLICABLE,5,,,NOT_ESTABLISHED,,,,,UNKNOWN,POINT_IN_TIME_REVIEW_AND_REPLAY_INCOMPLETE
user-137,ORKT,2024-10-24,-79.0,user_supplied_unverified,NOT_YET_REVIEWED,,,,,,BARS_AVAILABLE_IN_SAMPLE,NOT_APPLICABLE,3,,,NOT_ESTABLISHED,,,,,UNKNOWN,POINT_IN_TIME_REVIEW_AND_REPLAY_INCOMPLETE
user-138,MNDR,2024-10-24,-59.0,user_supplied_unverified,NOT_YET_REVIEWED,,,,,,BARS_AVAILABLE_IN_SAMPLE,NOT_APPLICABLE,5,,,NOT_ESTABLISHED,,,,,UNKNOWN,POINT_IN_TIME_REVIEW_AND_REPLAY_INCOMPLETE
user-139,PC,2024-10-23,-73.0,user_supplied_unverified,NOT_YET_REVIEWED,,,,,,NO_BARS_IN_SAMPLED_INTERVAL,SAME_SESSION_HISTORY_AVAILABLE,0,65,,NOT_ESTABLISHED,,,,,UNKNOWN,POINT_IN_TIME_REVIEW_AND_REPLAY_INCOMPLETE
user-140,NCI,2024-10-22,-57.0,user_supplied_unverified,NOT_YET_REVIEWED,,,,,,BARS_AVAILABLE_IN_SAMPLE,NOT_APPLICABLE,5,,,NOT_ESTABLISHED,,,,,UNKNOWN,POINT_IN_TIME_REVIEW_AND_REPLAY_INCOMPLETE
user-141,STEC,2024-10-16,-61.0,user_supplied_unverified,NOT_YET_REVIEWED,,,,,,NO_BARS_IN_SAMPLED_INTERVAL,SAME_SESSION_HISTORY_AVAILABLE,0,28,,NOT_ESTABLISHED,,,,,UNKNOWN,POINT_IN_TIME_REVIEW_AND_REPLAY_INCOMPLETE
user-142,CLIK,2024-10-09,-50.0,user_supplied_unverified,NOT_YET_REVIEWED,,,,,,NO_BARS_IN_SAMPLED_INTERVAL,NO_BARS_IN_WIDER_INTERVAL,0,0,0,NOT_ESTABLISHED,FIRST_TRADING_DAY,,https://www.sec.gov/Archives/edgar/data/2020027/000121390024086932/ea021698103-6k_clickholds.htm,October 10 filing records first trading on October 9. Prior-session traded-price history under CLIK was not available.,UNKNOWN,POINT_IN_TIME_REVIEW_AND_REPLAY_INCOMPLETE
user-143,MWG,2024-10-07,-57.0,user_supplied_unverified,NOT_YET_REVIEWED,,,,,,BARS_AVAILABLE_IN_SAMPLE,NOT_APPLICABLE,3,,,NOT_ESTABLISHED,,,,,UNKNOWN,POINT_IN_TIME_REVIEW_AND_REPLAY_INCOMPLETE
user-144,ADD,2024-10-03,-66.0,user_supplied_unverified,NOT_YET_REVIEWED,,,,,,BARS_AVAILABLE_IN_SAMPLE,NOT_APPLICABLE,2,,,NOT_ESTABLISHED,,,,,UNKNOWN,POINT_IN_TIME_REVIEW_AND_REPLAY_INCOMPLETE
user-145,KXIN,2024-10-01,-55.0,user_supplied_unverified,NOT_YET_REVIEWED,,,,,,BARS_AVAILABLE_IN_SAMPLE,NOT_APPLICABLE,5,,,NOT_ESTABLISHED,,,,,UNKNOWN,POINT_IN_TIME_REVIEW_AND_REPLAY_INCOMPLETE
user-146,XHG,2024-09-30,-73.0,user_supplied_unverified,NOT_YET_REVIEWED,,,,,,BARS_AVAILABLE_IN_SAMPLE,NOT_APPLICABLE,1,,,NOT_ESTABLISHED,,,,,UNKNOWN,POINT_IN_TIME_REVIEW_AND_REPLAY_INCOMPLETE
user-147,PAVS,2024-09-30,-61.0,user_supplied_unverified,NOT_YET_REVIEWED,,,,,,NO_BARS_IN_SAMPLED_INTERVAL,SAME_SESSION_HISTORY_AVAILABLE,0,10,,NOT_ESTABLISHED,,,,,UNKNOWN,POINT_IN_TIME_REVIEW_AND_REPLAY_INCOMPLETE
user-148,ICG,2024-09-27,-53.0,user_supplied_unverified,NOT_YET_REVIEWED,,,,,,NO_BARS_IN_SAMPLED_INTERVAL,SAME_SESSION_HISTORY_AVAILABLE,0,84,,NOT_ESTABLISHED,,,,,UNKNOWN,POINT_IN_TIME_REVIEW_AND_REPLAY_INCOMPLETE
user-149,GSIW,2024-09-20,-88.0,user_supplied_unverified,NOT_YET_REVIEWED,,,,,,BARS_AVAILABLE_IN_SAMPLE,NOT_APPLICABLE,5,,,NOT_ESTABLISHED,,,,,UNKNOWN,POINT_IN_TIME_REVIEW_AND_REPLAY_INCOMPLETE
user-150,LGCB,2024-09-20,-56.0,user_supplied_unverified,NOT_YET_REVIEWED,,,,,,BARS_AVAILABLE_IN_SAMPLE,NOT_APPLICABLE,3,,,NOT_ESTABLISHED,,,,,UNKNOWN,POINT_IN_TIME_REVIEW_AND_REPLAY_INCOMPLETE
user-151,XCH,2024-09-19,-59.0,user_supplied_unverified,NOT_YET_REVIEWED,,,,,,BARS_AVAILABLE_IN_SAMPLE,NOT_APPLICABLE,4,,,NOT_ESTABLISHED,,,,,UNKNOWN,POINT_IN_TIME_REVIEW_AND_REPLAY_INCOMPLETE
user-152,HAO,2024-09-19,-80.0,user_supplied_unverified,NOT_YET_REVIEWED,,,,,,BARS_AVAILABLE_IN_SAMPLE,NOT_APPLICABLE,1,,,NOT_ESTABLISHED,,,,,UNKNOWN,POINT_IN_TIME_REVIEW_AND_REPLAY_INCOMPLETE
user-153,PGHL,2024-09-17,-71.0,user_supplied_unverified,NOT_YET_REVIEWED,,,,,,BARS_AVAILABLE_IN_SAMPLE,NOT_APPLICABLE,3,,,NOT_ESTABLISHED,,,,,UNKNOWN,POINT_IN_TIME_REVIEW_AND_REPLAY_INCOMPLETE
user-154,JBDI,2024-09-16,-93.0,user_supplied_unverified,NOT_YET_REVIEWED,,,,,,BARS_AVAILABLE_IN_SAMPLE,NOT_APPLICABLE,4,,,NOT_ESTABLISHED,,,,,UNKNOWN,POINT_IN_TIME_REVIEW_AND_REPLAY_INCOMPLETE
user-155,GSIW,2024-09-13,-81.0,user_supplied_unverified,NOT_YET_REVIEWED,,,,,,BARS_AVAILABLE_IN_SAMPLE,NOT_APPLICABLE,1,,,NOT_ESTABLISHED,,,,,UNKNOWN,POINT_IN_TIME_REVIEW_AND_REPLAY_INCOMPLETE
user-156,UPC,2024-09-13,-78.0,user_supplied_unverified,NOT_YET_REVIEWED,,,,,,BARS_AVAILABLE_IN_SAMPLE,NOT_APPLICABLE,5,,,NOT_ESTABLISHED,,,,,UNKNOWN,POINT_IN_TIME_REVIEW_AND_REPLAY_INCOMPLETE
user-157,UPC,2024-09-12,-56.0,user_supplied_unverified,NOT_YET_REVIEWED,,,,,,BARS_AVAILABLE_IN_SAMPLE,NOT_APPLICABLE,5,,,NOT_ESTABLISHED,,,,,UNKNOWN,POINT_IN_TIME_REVIEW_AND_REPLAY_INCOMPLETE
user-158,AEHL,2024-09-12,-56.0,user_supplied_unverified,NOT_YET_REVIEWED,,,,,,BARS_AVAILABLE_IN_SAMPLE,NOT_APPLICABLE,1,,,NOT_ESTABLISHED,,,,,UNKNOWN,POINT_IN_TIME_REVIEW_AND_REPLAY_INCOMPLETE
user-159,RYDE,2024-09-12,-88.0,user_supplied_unverified,NOT_YET_REVIEWED,,,,,,BARS_AVAILABLE_IN_SAMPLE,NOT_APPLICABLE,1,,,NOT_ESTABLISHED,,,,,UNKNOWN,POINT_IN_TIME_REVIEW_AND_REPLAY_INCOMPLETE
user-160,QH,2024-09-11,-56.0,user_supplied_unverified,NOT_YET_REVIEWED,,,,,,BARS_AVAILABLE_IN_SAMPLE,NOT_APPLICABLE,5,,,NOT_ESTABLISHED,,,,,UNKNOWN,POINT_IN_TIME_REVIEW_AND_REPLAY_INCOMPLETE
user-161,RYDE,2024-09-11,-82.0,user_supplied_unverified,NOT_YET_REVIEWED,,,,,,BARS_AVAILABLE_IN_SAMPLE,NOT_APPLICABLE,5,,,NOT_ESTABLISHED,,,,,UNKNOWN,POINT_IN_TIME_REVIEW_AND_REPLAY_INCOMPLETE
user-162,CURR,2024-09-03,-57.0,user_supplied_unverified,NOT_YET_REVIEWED,,,,,,NO_BARS_IN_SAMPLED_INTERVAL,NO_BARS_IN_WIDER_INTERVAL,0,0,0,NOT_ESTABLISHED,FIRST_POST_COMBINATION_TICKER_DAY,IFIN,https://www.nasdaqtrader.com/TraderNews.aspx?id=dtn2024-22,Nasdaq's August 30 notice maps IFIN to CURR effective September 3. Prior history belongs to the acquisition company and requires historical SPAC exclusion checks.,UNKNOWN,POINT_IN_TIME_REVIEW_AND_REPLAY_INCOMPLETE
user-163,MAXN,2024-08-29,-50.0,user_supplied_unverified,NOT_YET_REVIEWED,,,,,,BARS_AVAILABLE_IN_SAMPLE,NOT_APPLICABLE,5,,,NOT_ESTABLISHED,,,,,UNKNOWN,POINT_IN_TIME_REVIEW_AND_REPLAY_INCOMPLETE
user-164,WTO,2024-08-28,-97.0,user_supplied_unverified,NOT_YET_REVIEWED,,,,,,BARS_AVAILABLE_IN_SAMPLE,NOT_APPLICABLE,2,,,NOT_ESTABLISHED,,,,,UNKNOWN,POINT_IN_TIME_REVIEW_AND_REPLAY_INCOMPLETE
user-165,FAMI,2024-08-23,-75.0,user_supplied_unverified,NOT_YET_REVIEWED,,,,,,NO_BARS_IN_SAMPLED_INTERVAL,SAME_SESSION_HISTORY_AVAILABLE,0,20,,NOT_ESTABLISHED,,,,,UNKNOWN,POINT_IN_TIME_REVIEW_AND_REPLAY_INCOMPLETE
user-166,UBXG,2024-08-23,-96.0,user_supplied_unverified,NOT_YET_REVIEWED,,,,,,BARS_AVAILABLE_IN_SAMPLE,NOT_APPLICABLE,5,,,NOT_ESTABLISHED,,,,,UNKNOWN,POINT_IN_TIME_REVIEW_AND_REPLAY_INCOMPLETE
user-167,EJH,2024-08-13,-90.0,user_supplied_unverified,NOT_YET_REVIEWED,,,,,,BARS_AVAILABLE_IN_SAMPLE,NOT_APPLICABLE,4,,,NOT_ESTABLISHED,,,,,UNKNOWN,POINT_IN_TIME_REVIEW_AND_REPLAY_INCOMPLETE
user-168,ADD,2024-08-08,-53.0,user_supplied_unverified,NOT_YET_REVIEWED,,,,,,BARS_AVAILABLE_IN_SAMPLE,NOT_APPLICABLE,5,,,NOT_ESTABLISHED,,,,,UNKNOWN,POINT_IN_TIME_REVIEW_AND_REPLAY_INCOMPLETE
user-169,ANTE,2024-08-06,-83.0,user_supplied_unverified,NOT_YET_REVIEWED,,,,,,BARS_AVAILABLE_IN_SAMPLE,NOT_APPLICABLE,2,,,NOT_ESTABLISHED,,,,,UNKNOWN,POINT_IN_TIME_REVIEW_AND_REPLAY_INCOMPLETE
user-170,PMEC,2024-08-05,-50.0,user_supplied_unverified,NOT_YET_REVIEWED,,,,,,BARS_AVAILABLE_IN_SAMPLE,NOT_APPLICABLE,5,,,NOT_ESTABLISHED,,,,,UNKNOWN,POINT_IN_TIME_REVIEW_AND_REPLAY_INCOMPLETE
user-171,HPAI,2024-08-05,-69.0,user_supplied_unverified,NOT_YET_REVIEWED,,,,,,NO_BARS_IN_SAMPLED_INTERVAL,NO_BARS_IN_WIDER_INTERVAL,0,0,0,NOT_ESTABLISHED,FIRST_POST_COMBINATION_TICKER_DAY,TRIS,https://www.sec.gov/Archives/edgar/data/2001699/000121390024111383/ea0223286-02.htm,SEC prospectus records business combination on August 2 and first HPAI trading on August 5. Predecessor SPAC history cannot be silently treated as operating-company history.,UNKNOWN,POINT_IN_TIME_REVIEW_AND_REPLAY_INCOMPLETE
user-172,PMEC,2024-07-31,-54.0,user_supplied_unverified,NOT_YET_REVIEWED,,,,,,NO_BARS_IN_SAMPLED_INTERVAL,SAME_SESSION_HISTORY_AVAILABLE,0,14,,NOT_ESTABLISHED,,,,,UNKNOWN,POINT_IN_TIME_REVIEW_AND_REPLAY_INCOMPLETE
user-173,TANH,2024-07-26,-57.0,user_supplied_unverified,NOT_YET_REVIEWED,,,,,,BARS_AVAILABLE_IN_SAMPLE,NOT_APPLICABLE,1,,,NOT_ESTABLISHED,,,,,UNKNOWN,POINT_IN_TIME_REVIEW_AND_REPLAY_INCOMPLETE
user-174,NXTT,2024-07-24,-68.0,user_supplied_unverified,NOT_YET_REVIEWED,,,,,,NO_BARS_IN_SAMPLED_INTERVAL,SAME_SESSION_HISTORY_AVAILABLE,0,83,,NOT_ESTABLISHED,,,,,UNKNOWN,POINT_IN_TIME_REVIEW_AND_REPLAY_INCOMPLETE
user-175,SISI,2024-07-11,-59.0,user_supplied_unverified,NOT_YET_REVIEWED,,,,,,BARS_AVAILABLE_IN_SAMPLE,NOT_APPLICABLE,5,,,NOT_ESTABLISHED,,,,,UNKNOWN,POINT_IN_TIME_REVIEW_AND_REPLAY_INCOMPLETE
user-176,CLEU,2024-07-08,-69.0,user_supplied_unverified,NOT_YET_REVIEWED,,,,,,BARS_AVAILABLE_IN_SAMPLE,NOT_APPLICABLE,4,,,NOT_ESTABLISHED,,,,,UNKNOWN,POINT_IN_TIME_REVIEW_AND_REPLAY_INCOMPLETE
user-177,MAXN,2024-07-02,-71.0,user_supplied_unverified,NOT_YET_REVIEWED,,,,,,BARS_AVAILABLE_IN_SAMPLE,NOT_APPLICABLE,5,,,NOT_ESTABLISHED,,,,,UNKNOWN,POINT_IN_TIME_REVIEW_AND_REPLAY_INCOMPLETE
user-178,BTOG,2024-06-28,-52.0,user_supplied_unverified,NOT_YET_REVIEWED,,,,,,BARS_AVAILABLE_IN_SAMPLE,NOT_APPLICABLE,4,,,NOT_ESTABLISHED,,,,,UNKNOWN,POINT_IN_TIME_REVIEW_AND_REPLAY_INCOMPLETE
user-179,KUKE,2024-06-25,-57.0,user_supplied_unverified,NOT_YET_REVIEWED,,,,,,BARS_AVAILABLE_IN_SAMPLE,NOT_APPLICABLE,1,,,NOT_ESTABLISHED,,,,,UNKNOWN,POINT_IN_TIME_REVIEW_AND_REPLAY_INCOMPLETE
user-180,LRE,2024-06-24,-73.0,user_supplied_unverified,NOT_YET_REVIEWED,,,,,,NO_BARS_IN_SAMPLED_INTERVAL,SAME_SESSION_HISTORY_AVAILABLE,0,155,,NOT_ESTABLISHED,,,,,UNKNOWN,POINT_IN_TIME_REVIEW_AND_REPLAY_INCOMPLETE
user-181,CCM,2024-06-05,-73.0,user_supplied_unverified,NOT_YET_REVIEWED,,,,,,BARS_AVAILABLE_IN_SAMPLE,NOT_APPLICABLE,5,,,NOT_ESTABLISHED,,,,,UNKNOWN,POINT_IN_TIME_REVIEW_AND_REPLAY_INCOMPLETE
user-182,SFWL,2024-06-05,-53.0,user_supplied_unverified,NOT_YET_REVIEWED,,,,,,NO_BARS_IN_SAMPLED_INTERVAL,SAME_SESSION_HISTORY_AVAILABLE,0,71,,NOT_ESTABLISHED,,,,,UNKNOWN,POINT_IN_TIME_REVIEW_AND_REPLAY_INCOMPLETE
user-183,JDZG,2024-06-04,-89.0,user_supplied_unverified,NOT_YET_REVIEWED,,,,,,BARS_AVAILABLE_IN_SAMPLE,NOT_APPLICABLE,5,,,NOT_ESTABLISHED,,,,,UNKNOWN,POINT_IN_TIME_REVIEW_AND_REPLAY_INCOMPLETE
user-184,MAXN,2024-05-30,-69.0,user_supplied_unverified,NOT_YET_REVIEWED,,,,,,BARS_AVAILABLE_IN_SAMPLE,NOT_APPLICABLE,5,,,NOT_ESTABLISHED,,,,,UNKNOWN,POINT_IN_TIME_REVIEW_AND_REPLAY_INCOMPLETE
user-185,SWIN,2024-05-23,-91.0,user_supplied_unverified,NOT_YET_REVIEWED,,,,,,BARS_AVAILABLE_IN_SAMPLE,NOT_APPLICABLE,5,,,NOT_ESTABLISHED,,,,,UNKNOWN,POINT_IN_TIME_REVIEW_AND_REPLAY_INCOMPLETE
user-186,SWIN,2024-05-22,-59.0,user_supplied_unverified,NOT_YET_REVIEWED,,,,,,BARS_AVAILABLE_IN_SAMPLE,NOT_APPLICABLE,5,,,NOT_ESTABLISHED,,,,,UNKNOWN,POINT_IN_TIME_REVIEW_AND_REPLAY_INCOMPLETE
user-187,MTC,2024-05-20,-87.0,user_supplied_unverified,NOT_YET_REVIEWED,,,,,,BARS_AVAILABLE_IN_SAMPLE,NOT_APPLICABLE,3,,,NOT_ESTABLISHED,,,,,UNKNOWN,POINT_IN_TIME_REVIEW_AND_REPLAY_INCOMPLETE
user-188,MNDR,2024-05-03,-87.0,user_supplied_unverified,NOT_YET_REVIEWED,,,,,,BARS_AVAILABLE_IN_SAMPLE,NOT_APPLICABLE,3,,,NOT_ESTABLISHED,,,,,UNKNOWN,POINT_IN_TIME_REVIEW_AND_REPLAY_INCOMPLETE
user-189,BON,2024-05-02,-58.0,user_supplied_unverified,NOT_YET_REVIEWED,,,,,,BARS_AVAILABLE_IN_SAMPLE,NOT_APPLICABLE,1,,,NOT_ESTABLISHED,,,,,UNKNOWN,POINT_IN_TIME_REVIEW_AND_REPLAY_INCOMPLETE
user-190,MNDR,2024-05-01,-67.0,user_supplied_unverified,NOT_YET_REVIEWED,,,,,,BARS_AVAILABLE_IN_SAMPLE,NOT_APPLICABLE,4,,,NOT_ESTABLISHED,,,,,UNKNOWN,POINT_IN_TIME_REVIEW_AND_REPLAY_INCOMPLETE
user-191,MFI,2024-04-26,-83.0,user_supplied_unverified,NOT_YET_REVIEWED,,,,,,BARS_AVAILABLE_IN_SAMPLE,NOT_APPLICABLE,3,,,NOT_ESTABLISHED,,,,,UNKNOWN,POINT_IN_TIME_REVIEW_AND_REPLAY_INCOMPLETE
user-192,GITS,2024-04-25,-59.0,user_supplied_unverified,NOT_YET_REVIEWED,,,,,,NO_BARS_IN_SAMPLED_INTERVAL,NO_BARS_IN_WIDER_INTERVAL,0,0,0,NOT_ESTABLISHED,LATER_TICKER_LABEL,HRYU,https://www.sec.gov/Archives/edgar/data/1911545/000121390024108011/ea0224392-8k_global.htm,"December 11, 2024 filing still lists HRYU and describes a pending change to GITS. GITS is a later label for this April event. Historical-symbol data retrieval remains pending.",UNKNOWN,POINT_IN_TIME_REVIEW_AND_REPLAY_INCOMPLETE
user-193,EJH,2024-04-25,-76.0,user_supplied_unverified,NOT_YET_REVIEWED,,,,,,BARS_AVAILABLE_IN_SAMPLE,NOT_APPLICABLE,5,,,NOT_ESTABLISHED,,,,,UNKNOWN,POINT_IN_TIME_REVIEW_AND_REPLAY_INCOMPLETE
user-194,NCI,2024-04-24,-76.0,user_supplied_unverified,NOT_YET_REVIEWED,,,,,,BARS_AVAILABLE_IN_SAMPLE,NOT_APPLICABLE,4,,,NOT_ESTABLISHED,,,,,UNKNOWN,POINT_IN_TIME_REVIEW_AND_REPLAY_INCOMPLETE
user-195,YYAI,2024-04-19,-62.0,user_supplied_unverified,NOT_YET_REVIEWED,,,,,,BARS_AVAILABLE_IN_SAMPLE,NOT_APPLICABLE,4,,,NOT_ESTABLISHED,,,,,UNKNOWN,POINT_IN_TIME_REVIEW_AND_REPLAY_INCOMPLETE
user-196,IZM,2024-04-17,-93.0,user_supplied_unverified,NOT_YET_REVIEWED,,,,,,BARS_AVAILABLE_IN_SAMPLE,NOT_APPLICABLE,5,,,NOT_ESTABLISHED,,,,,UNKNOWN,POINT_IN_TIME_REVIEW_AND_REPLAY_INCOMPLETE
user-197,TWG,2024-04-16,-66.0,user_supplied_unverified,NOT_YET_REVIEWED,,,,,,NO_BARS_IN_SAMPLED_INTERVAL,NO_BARS_IN_WIDER_INTERVAL,0,0,0,NOT_ESTABLISHED,ANNOUNCED_FIRST_TRADING_DAY_SOURCE_CONFLICT,,https://www.sec.gov/Archives/edgar/data/1978057/000121390024034249/ea020407001ex99-1_topwealth.htm,"April 16, 2024 pricing announcement expects first trading that day. Closing exhibit says April 16, 2023, apparently conflicting with the IPO timeline; do not silently treat that year as verified. Exchange confirmation remains pending.",UNKNOWN,POINT_IN_TIME_REVIEW_AND_REPLAY_INCOMPLETE
user-198,NA,2024-04-11,-53.0,user_supplied_unverified,NOT_YET_REVIEWED,,,,,,BARS_AVAILABLE_IN_SAMPLE,NOT_APPLICABLE,5,,,NOT_ESTABLISHED,,,,,UNKNOWN,POINT_IN_TIME_REVIEW_AND_REPLAY_INCOMPLETE
user-199,AEHL,2024-04-08,-56.0,user_supplied_unverified,NOT_YET_REVIEWED,,,,,,NO_BARS_IN_SAMPLED_INTERVAL,SAME_SESSION_HISTORY_AVAILABLE,0,23,,NOT_ESTABLISHED,,,,,UNKNOWN,POINT_IN_TIME_REVIEW_AND_REPLAY_INCOMPLETE
user-200,NIVF,2024-04-04,-71.0,user_supplied_unverified,NOT_YET_REVIEWED,,,,,,NO_BARS_IN_SAMPLED_INTERVAL,NO_BARS_IN_WIDER_INTERVAL,0,0,0,NOT_ESTABLISHED,FIRST_POST_COMBINATION_TICKER_DAY,ASCA,https://www.nasdaqtrader.com/TraderNews.aspx?id=ECA2024-174,Nasdaq merger notice records ASCA last trading April 3 and NIVF effective April 4. Predecessor acquisition-company history requires hard-exclusion checks.,UNKNOWN,POINT_IN_TIME_REVIEW_AND_REPLAY_INCOMPLETE
user-201,FAAS,2024-04-03,-71.0,user_supplied_unverified,NOT_YET_REVIEWED,,,,,,NO_BARS_IN_SAMPLED_INTERVAL,NO_BARS_IN_WIDER_INTERVAL,0,0,0,NOT_ESTABLISHED,FIRST_POST_COMBINATION_TICKER_DAY,APAC,https://www.winston.com/en/experience/stonebridge-acquisition-corp-announces-business-combination-with-digiasia-68385000,Transaction counsel's April 2 announcement records APAC combination and expected FAAS trading April 3. Prior acquisition-company history requires hard-exclusion checks.,UNKNOWN,POINT_IN_TIME_REVIEW_AND_REPLAY_INCOMPLETE
user-202,JZXN,2024-04-03,-67.0,user_supplied_unverified,NOT_YET_REVIEWED,,,,,,BARS_AVAILABLE_IN_SAMPLE,NOT_APPLICABLE,2,,,NOT_ESTABLISHED,,,,,UNKNOWN,POINT_IN_TIME_REVIEW_AND_REPLAY_INCOMPLETE
user-203,PMEC,2024-03-28,-67.0,user_supplied_unverified,NOT_YET_REVIEWED,,,,,,BARS_AVAILABLE_IN_SAMPLE,NOT_APPLICABLE,1,,,NOT_ESTABLISHED,,,,,UNKNOWN,POINT_IN_TIME_REVIEW_AND_REPLAY_INCOMPLETE
user-204,WETH,2024-03-27,-55.0,user_supplied_unverified,NOT_YET_REVIEWED,,,,,,BARS_AVAILABLE_IN_SAMPLE,NOT_APPLICABLE,2,,,NOT_ESTABLISHED,,,,,UNKNOWN,POINT_IN_TIME_REVIEW_AND_REPLAY_INCOMPLETE
user-205,QH,2024-03-26,-76.0,user_supplied_unverified,NOT_YET_REVIEWED,,,,,,BARS_AVAILABLE_IN_SAMPLE,NOT_APPLICABLE,1,,,NOT_ESTABLISHED,,,,,UNKNOWN,POINT_IN_TIME_REVIEW_AND_REPLAY_INCOMPLETE
user-206,LXEH,2024-03-21,-90.0,user_supplied_unverified,NOT_YET_REVIEWED,,,,,,BARS_AVAILABLE_IN_SAMPLE,NOT_APPLICABLE,5,,,NOT_ESTABLISHED,,,,,UNKNOWN,POINT_IN_TIME_REVIEW_AND_REPLAY_INCOMPLETE
user-207,GMM,2024-03-18,-71.0,user_supplied_unverified,NOT_YET_REVIEWED,,,,,,BARS_AVAILABLE_IN_SAMPLE,NOT_APPLICABLE,3,,,NOT_ESTABLISHED,,,,,UNKNOWN,POINT_IN_TIME_REVIEW_AND_REPLAY_INCOMPLETE
user-208,SWIN,2024-03-14,-55.0,user_supplied_unverified,NOT_YET_REVIEWED,,,,,,BARS_AVAILABLE_IN_SAMPLE,NOT_APPLICABLE,5,,,NOT_ESTABLISHED,,,,,UNKNOWN,POINT_IN_TIME_REVIEW_AND_REPLAY_INCOMPLETE
user-209,SWIN,2024-03-13,-61.0,user_supplied_unverified,NOT_YET_REVIEWED,,,,,,BARS_AVAILABLE_IN_SAMPLE,NOT_APPLICABLE,1,,,NOT_ESTABLISHED,,,,,UNKNOWN,POINT_IN_TIME_REVIEW_AND_REPLAY_INCOMPLETE
user-210,SPPL,2024-03-12,-81.0,user_supplied_unverified,NOT_YET_REVIEWED,,,,,,BARS_AVAILABLE_IN_SAMPLE,NOT_APPLICABLE,3,,,NOT_ESTABLISHED,,,,,UNKNOWN,POINT_IN_TIME_REVIEW_AND_REPLAY_INCOMPLETE
user-211,JL,2024-02-29,-91.0,user_supplied_unverified,NOT_YET_REVIEWED,,,,,,BARS_AVAILABLE_IN_SAMPLE,NOT_APPLICABLE,2,,,NOT_ESTABLISHED,,,,,UNKNOWN,POINT_IN_TIME_REVIEW_AND_REPLAY_INCOMPLETE
user-212,IFBD,2024-02-27,-61.0,user_supplied_unverified,NOT_YET_REVIEWED,,,,,,BARS_AVAILABLE_IN_SAMPLE,NOT_APPLICABLE,4,,,NOT_ESTABLISHED,,,,,UNKNOWN,POINT_IN_TIME_REVIEW_AND_REPLAY_INCOMPLETE
user-213,HOLO,2024-02-20,-72.0,user_supplied_unverified,NOT_YET_REVIEWED,,,,,,BARS_AVAILABLE_IN_SAMPLE,NOT_APPLICABLE,5,,,NOT_ESTABLISHED,,,,,UNKNOWN,POINT_IN_TIME_REVIEW_AND_REPLAY_INCOMPLETE
user-214,OST,2024-02-20,-61.0,user_supplied_unverified,NOT_YET_REVIEWED,,,,,,BARS_AVAILABLE_IN_SAMPLE,NOT_APPLICABLE,2,,,NOT_ESTABLISHED,,,,,UNKNOWN,POINT_IN_TIME_REVIEW_AND_REPLAY_INCOMPLETE
user-215,TCTM,2024-02-16,-52.0,user_supplied_unverified,NOT_YET_REVIEWED,,,,,,NO_BARS_IN_SAMPLED_INTERVAL,SAME_SESSION_HISTORY_AVAILABLE,0,3,,NOT_ESTABLISHED,,,,,UNKNOWN,POINT_IN_TIME_REVIEW_AND_REPLAY_INCOMPLETE
user-216,CHNR,2024-02-16,-57.0,user_supplied_unverified,NOT_YET_REVIEWED,,,,,,BARS_AVAILABLE_IN_SAMPLE,NOT_APPLICABLE,5,,,NOT_ESTABLISHED,,,,,UNKNOWN,POINT_IN_TIME_REVIEW_AND_REPLAY_INCOMPLETE
user-217,AMBO,2024-02-16,-58.0,user_supplied_unverified,NOT_YET_REVIEWED,,,,,,BARS_AVAILABLE_IN_SAMPLE,NOT_APPLICABLE,1,,,NOT_ESTABLISHED,,,,,UNKNOWN,POINT_IN_TIME_REVIEW_AND_REPLAY_INCOMPLETE
user-218,SELX,2024-02-16,-67.0,user_supplied_unverified,NOT_YET_REVIEWED,,,,,,NO_BARS_IN_SAMPLED_INTERVAL,NO_BARS_IN_WIDER_INTERVAL,0,0,0,NOT_ESTABLISHED,FIRST_POST_COMBINATION_TICKER_DAY,CHEA,https://www.nasdaqtrader.com/TraderNews.aspx?id=ECA2024-74,Nasdaq records CHEA last trading February 15 and SELX effective February 16. Prior acquisition-company history requires hard-exclusion checks.,UNKNOWN,POINT_IN_TIME_REVIEW_AND_REPLAY_INCOMPLETE
user-219,ZJYL,2024-02-09,-54.0,user_supplied_unverified,NOT_YET_REVIEWED,,,,,,BARS_AVAILABLE_IN_SAMPLE,NOT_APPLICABLE,3,,,NOT_ESTABLISHED,,,,,UNKNOWN,POINT_IN_TIME_REVIEW_AND_REPLAY_INCOMPLETE
user-220,CCTG,2024-02-01,-84.0,user_supplied_unverified,NOT_YET_REVIEWED,,,,,,BARS_AVAILABLE_IN_SAMPLE,NOT_APPLICABLE,4,,,NOT_ESTABLISHED,,,,,UNKNOWN,POINT_IN_TIME_REVIEW_AND_REPLAY_INCOMPLETE
user-221,KXIN,2024-01-31,-64.0,user_supplied_unverified,NOT_YET_REVIEWED,,,,,,NO_BARS_IN_SAMPLED_INTERVAL,SAME_SESSION_HISTORY_AVAILABLE,0,136,,NOT_ESTABLISHED,,,,,UNKNOWN,POINT_IN_TIME_REVIEW_AND_REPLAY_INCOMPLETE
user-222,WNW,2024-01-30,-73.0,user_supplied_unverified,NOT_YET_REVIEWED,,,,,,BARS_AVAILABLE_IN_SAMPLE,NOT_APPLICABLE,3,,,NOT_ESTABLISHED,,,,,UNKNOWN,POINT_IN_TIME_REVIEW_AND_REPLAY_INCOMPLETE
user-223,RTC,2024-01-30,-82.0,user_supplied_unverified,NOT_YET_REVIEWED,,,,,,BARS_AVAILABLE_IN_SAMPLE,NOT_APPLICABLE,2,,,NOT_ESTABLISHED,,,,,UNKNOWN,POINT_IN_TIME_REVIEW_AND_REPLAY_INCOMPLETE
user-224,TKLF,2024-01-26,-61.0,user_supplied_unverified,NOT_YET_REVIEWED,,,,,,NO_BARS_IN_SAMPLED_INTERVAL,SAME_SESSION_HISTORY_AVAILABLE,0,125,,NOT_ESTABLISHED,,,,,UNKNOWN,POINT_IN_TIME_REVIEW_AND_REPLAY_INCOMPLETE
user-225,ROMA,2024-01-17,-72.0,user_supplied_unverified,NOT_YET_REVIEWED,,,,,,BARS_AVAILABLE_IN_SAMPLE,NOT_APPLICABLE,5,,,NOT_ESTABLISHED,,,,,UNKNOWN,POINT_IN_TIME_REVIEW_AND_REPLAY_INCOMPLETE
user-226,GNS,2024-01-12,-54.0,user_supplied_unverified,NOT_YET_REVIEWED,,,,,,BARS_AVAILABLE_IN_SAMPLE,NOT_APPLICABLE,3,,,NOT_ESTABLISHED,,,,,UNKNOWN,POINT_IN_TIME_REVIEW_AND_REPLAY_INCOMPLETE
user-227,ROMA,2024-01-09,-81.0,user_supplied_unverified,NOT_YET_REVIEWED,,,,,,NO_BARS_IN_SAMPLED_INTERVAL,NO_BARS_IN_WIDER_INTERVAL,0,0,0,NOT_ESTABLISHED,FIRST_TRADING_DAY,,https://www.sec.gov/Archives/edgar/data/1945240/000149315224002141/ex99-2.htm,January 12 IPO closing announcement records first trading on January 9.,UNKNOWN,POINT_IN_TIME_REVIEW_AND_REPLAY_INCOMPLETE
user-228,HLP,2024-01-04,-63.0,user_supplied_unverified,NOT_YET_REVIEWED,,,,,,BARS_AVAILABLE_IN_SAMPLE,NOT_APPLICABLE,3,,,NOT_ESTABLISHED,,,,,UNKNOWN,POINT_IN_TIME_REVIEW_AND_REPLAY_INCOMPLETE
user-229,IFBD,2024-01-03,-51.0,user_supplied_unverified,NOT_YET_REVIEWED,,,,,,BARS_AVAILABLE_IN_SAMPLE,NOT_APPLICABLE,4,,,NOT_ESTABLISHED,,,,,UNKNOWN,POINT_IN_TIME_REVIEW_AND_REPLAY_INCOMPLETE
user-230,EJH,2024-01-03,-69.0,user_supplied_unverified,NOT_YET_REVIEWED,,,,,,BARS_AVAILABLE_IN_SAMPLE,NOT_APPLICABLE,2,,,NOT_ESTABLISHED,,,,,UNKNOWN,POINT_IN_TIME_REVIEW_AND_REPLAY_INCOMPLETE
